abbr,chamber,name,num_seats,boundary_id,division_id
ma,lower,Tenth Bristol,1,sldl/ma-10th-bristol,ocd-division/country:us/state:ma/sldl:10th_bristol
ma,lower,Tenth Essex,1,sldl/ma-10th-essex,ocd-division/country:us/state:ma/sldl:10th_essex
ma,lower,Tenth Hampden,1,sldl/ma-10th-hampden,ocd-division/country:us/state:ma/sldl:10th_hampden
ma,lower,Tenth Middlesex,1,sldl/ma-10th-middlesex,ocd-division/country:us/state:ma/sldl:10th_middlesex
ma,lower,Tenth Norfolk,1,sldl/ma-10th-norfolk,ocd-division/country:us/state:ma/sldl:10th_norfolk
ma,lower,Tenth Plymouth,1,sldl/ma-10th-plymouth,ocd-division/country:us/state:ma/sldl:10th_plymouth
ma,lower,Tenth Suffolk,1,sldl/ma-10th-suffolk,ocd-division/country:us/state:ma/sldl:10th_suffolk
ma,lower,Tenth Worcester,1,sldl/ma-10th-worcester,ocd-division/country:us/state:ma/sldl:10th_worcester
ma,lower,Eleventh Bristol,1,sldl/ma-11th-bristol,ocd-division/country:us/state:ma/sldl:11th_bristol
ma,lower,Eleventh Essex,1,sldl/ma-11th-essex,ocd-division/country:us/state:ma/sldl:11th_essex
ma,lower,Eleventh Hampden,1,sldl/ma-11th-hampden,ocd-division/country:us/state:ma/sldl:11th_hampden
ma,lower,Eleventh Middlesex,1,sldl/ma-11th-middlesex,ocd-division/country:us/state:ma/sldl:11th_middlesex
ma,lower,Eleventh Norfolk,1,sldl/ma-11th-norfolk,ocd-division/country:us/state:ma/sldl:11th_norfolk
ma,lower,Eleventh Plymouth,1,sldl/ma-11th-plymouth,ocd-division/country:us/state:ma/sldl:11th_plymouth
ma,lower,Eleventh Suffolk,1,sldl/ma-11th-suffolk,ocd-division/country:us/state:ma/sldl:11th_suffolk
ma,lower,Eleventh Worcester,1,sldl/ma-11th-worcester,ocd-division/country:us/state:ma/sldl:11th_worcester
ma,lower,Twelfth Bristol,1,sldl/ma-12th-bristol,ocd-division/country:us/state:ma/sldl:12th_bristol
ma,lower,Twelfth Essex,1,sldl/ma-12th-essex,ocd-division/country:us/state:ma/sldl:12th_essex
ma,lower,Twelfth Hampden,1,sldl/ma-12th-hampden,ocd-division/country:us/state:ma/sldl:12th_hampden
ma,lower,Twelfth Middlesex,1,sldl/ma-12th-middlesex,ocd-division/country:us/state:ma/sldl:12th_middlesex
ma,lower,Twelfth Norfolk,1,sldl/ma-12th-norfolk,ocd-division/country:us/state:ma/sldl:12th_norfolk
ma,lower,Twelfth Plymouth,1,sldl/ma-12th-plymouth,ocd-division/country:us/state:ma/sldl:12th_plymouth
ma,lower,Twelfth Suffolk,1,sldl/ma-12th-suffolk,ocd-division/country:us/state:ma/sldl:12th_suffolk
ma,lower,Twelfth Worcester,1,sldl/ma-12th-worcester,ocd-division/country:us/state:ma/sldl:12th_worcester
ma,lower,Thirteenth Bristol,1,sldl/ma-13th-bristol,ocd-division/country:us/state:ma/sldl:13th_bristol
ma,lower,Thirteenth Essex,1,sldl/ma-13th-essex,ocd-division/country:us/state:ma/sldl:13th_essex
ma,lower,Thirteenth Middlesex,1,sldl/ma-13th-middlesex,ocd-division/country:us/state:ma/sldl:13th_middlesex
ma,lower,Thirteenth Norfolk,1,sldl/ma-13th-norfolk,ocd-division/country:us/state:ma/sldl:13th_norfolk
ma,lower,Thirteenth Suffolk,1,sldl/ma-13th-suffolk,ocd-division/country:us/state:ma/sldl:13th_suffolk
ma,lower,Thirteenth Worcester,1,sldl/ma-13th-worcester,ocd-division/country:us/state:ma/sldl:13th_worcester
ma,lower,Fourteenth Bristol,1,sldl/ma-14th-bristol,ocd-division/country:us/state:ma/sldl:14th_bristol
ma,lower,Fourteenth Essex,1,sldl/ma-14th-essex,ocd-division/country:us/state:ma/sldl:14th_essex
ma,lower,Fourteenth Middlesex,1,sldl/ma-14th-middlesex,ocd-division/country:us/state:ma/sldl:14th_middlesex
ma,lower,Fourteenth Norfolk,1,sldl/ma-14th-norfolk,ocd-division/country:us/state:ma/sldl:14th_norfolk
ma,lower,Fourteenth Suffolk,1,sldl/ma-14th-suffolk,ocd-division/country:us/state:ma/sldl:14th_suffolk
ma,lower,Fourteenth Worcester,1,sldl/ma-14th-worcester,ocd-division/country:us/state:ma/sldl:14th_worcester
ma,lower,Fifteenth Essex,1,sldl/ma-15th-essex,ocd-division/country:us/state:ma/sldl:15th_essex
ma,lower,Fifteenth Middlesex,1,sldl/ma-15th-middlesex,ocd-division/country:us/state:ma/sldl:15th_middlesex
ma,lower,Fifteenth Norfolk,1,sldl/ma-15th-norfolk,ocd-division/country:us/state:ma/sldl:15th_norfolk
ma,lower,Fifteenth Suffolk,1,sldl/ma-15th-suffolk,ocd-division/country:us/state:ma/sldl:15th_suffolk
ma,lower,Fifteenth Worcester,1,sldl/ma-15th-worcester,ocd-division/country:us/state:ma/sldl:15th_worcester
ma,lower,Sixteenth Essex,1,sldl/ma-16th-essex,ocd-division/country:us/state:ma/sldl:16th_essex
ma,lower,Sixteenth Middlesex,1,sldl/ma-16th-middlesex,ocd-division/country:us/state:ma/sldl:16th_middlesex
ma,lower,Sixteenth Suffolk,1,sldl/ma-16th-suffolk,ocd-division/country:us/state:ma/sldl:16th_suffolk
ma,lower,Sixteenth Worcester,1,sldl/ma-16th-worcester,ocd-division/country:us/state:ma/sldl:16th_worcester
ma,lower,Seventeenth Essex,1,sldl/ma-17th-essex,ocd-division/country:us/state:ma/sldl:17th_essex
ma,lower,Seventeenth Middlesex,1,sldl/ma-17th-middlesex,ocd-division/country:us/state:ma/sldl:17th_middlesex
ma,lower,Seventeenth Suffolk,1,sldl/ma-17th-suffolk,ocd-division/country:us/state:ma/sldl:17th_suffolk
ma,lower,Seventeenth Worcester,1,sldl/ma-17th-worcester,ocd-division/country:us/state:ma/sldl:17th_worcester
ma,lower,Eighteenth Essex,1,sldl/ma-18th-essex,ocd-division/country:us/state:ma/sldl:18th_essex
ma,lower,Eighteenth Middlesex,1,sldl/ma-18th-middlesex,ocd-division/country:us/state:ma/sldl:18th_middlesex
ma,lower,Eighteenth Suffolk,1,sldl/ma-18th-suffolk,ocd-division/country:us/state:ma/sldl:18th_suffolk
ma,lower,Eighteenth Worcester,1,sldl/ma-18th-worcester,ocd-division/country:us/state:ma/sldl:18th_worcester
ma,lower,Nineteenth Middlesex,1,sldl/ma-19th-middlesex,ocd-division/country:us/state:ma/sldl:19th_middlesex
ma,lower,Nineteenth Suffolk,1,sldl/ma-19th-suffolk,ocd-division/country:us/state:ma/sldl:19th_suffolk
ma,lower,First Barnstable,1,sldl/ma-1st-barnstable,ocd-division/country:us/state:ma/sldl:1st_barnstable
ma,lower,First Berkshire,1,sldl/ma-1st-berkshire,ocd-division/country:us/state:ma/sldl:1st_berkshire
ma,lower,First Bristol,1,sldl/ma-1st-bristol,ocd-division/country:us/state:ma/sldl:1st_bristol
ma,lower,First Essex,1,sldl/ma-1st-essex,ocd-division/country:us/state:ma/sldl:1st_essex
ma,lower,First Franklin,1,sldl/ma-1st-franklin,ocd-division/country:us/state:ma/sldl:1st_franklin
ma,lower,First Hampden,1,sldl/ma-1st-hampden,ocd-division/country:us/state:ma/sldl:1st_hampden
ma,lower,First Hampshire,1,sldl/ma-1st-hampshire,ocd-division/country:us/state:ma/sldl:1st_hampshire
ma,lower,First Middlesex,1,sldl/ma-1st-middlesex,ocd-division/country:us/state:ma/sldl:1st_middlesex
ma,lower,First Norfolk,1,sldl/ma-1st-norfolk,ocd-division/country:us/state:ma/sldl:1st_norfolk
ma,lower,First Plymouth,1,sldl/ma-1st-plymouth,ocd-division/country:us/state:ma/sldl:1st_plymouth
ma,lower,First Suffolk,1,sldl/ma-1st-suffolk,ocd-division/country:us/state:ma/sldl:1st_suffolk
ma,lower,First Worcester,1,sldl/ma-1st-worcester,ocd-division/country:us/state:ma/sldl:1st_worcester
ma,lower,Twentieth Middlesex,1,sldl/ma-20th-middlesex,ocd-division/country:us/state:ma/sldl:20th_middlesex
ma,lower,Twenty-First Middlesex,1,sldl/ma-21st-middlesex,ocd-division/country:us/state:ma/sldl:21st_middlesex
ma,lower,Twenty-Second Middlesex,1,sldl/ma-22nd-middlesex,ocd-division/country:us/state:ma/sldl:22nd_middlesex
ma,lower,Twenty-Third Middlesex,1,sldl/ma-23rd-middlesex,ocd-division/country:us/state:ma/sldl:23rd_middlesex
ma,lower,Twenty-Fourth Middlesex,1,sldl/ma-24th-middlesex,ocd-division/country:us/state:ma/sldl:24th_middlesex
ma,lower,Twenty-Fifth Middlesex,1,sldl/ma-25th-middlesex,ocd-division/country:us/state:ma/sldl:25th_middlesex
ma,lower,Twenty-Sixth Middlesex,1,sldl/ma-26th-middlesex,ocd-division/country:us/state:ma/sldl:26th_middlesex
ma,lower,Twenty-Seventh Middlesex,1,sldl/ma-27th-middlesex,ocd-division/country:us/state:ma/sldl:27th_middlesex
ma,lower,Twenty-Eighth Middlesex,1,sldl/ma-28th-middlesex,ocd-division/country:us/state:ma/sldl:28th_middlesex
ma,lower,Twenty-Ninth Middlesex,1,sldl/ma-29th-middlesex,ocd-division/country:us/state:ma/sldl:29th_middlesex
ma,lower,Second Barnstable,1,sldl/ma-2nd-barnstable,ocd-division/country:us/state:ma/sldl:2nd_barnstable
ma,lower,Second Berkshire,1,sldl/ma-2nd-berkshire,ocd-division/country:us/state:ma/sldl:2nd_berkshire
ma,lower,Second Bristol,1,sldl/ma-2nd-bristol,ocd-division/country:us/state:ma/sldl:2nd_bristol
ma,lower,Second Essex,1,sldl/ma-2nd-essex,ocd-division/country:us/state:ma/sldl:2nd_essex
ma,lower,Second Franklin,1,sldl/ma-2nd-franklin,ocd-division/country:us/state:ma/sldl:2nd_franklin
ma,lower,Second Hampden,1,sldl/ma-2nd-hampden,ocd-division/country:us/state:ma/sldl:2nd_hampden
ma,lower,Second Hampshire,1,sldl/ma-2nd-hampshire,ocd-division/country:us/state:ma/sldl:2nd_hampshire
ma,lower,Second Middlesex,1,sldl/ma-2nd-middlesex,ocd-division/country:us/state:ma/sldl:2nd_middlesex
ma,lower,Second Norfolk,1,sldl/ma-2nd-norfolk,ocd-division/country:us/state:ma/sldl:2nd_norfolk
ma,lower,Second Plymouth,1,sldl/ma-2nd-plymouth,ocd-division/country:us/state:ma/sldl:2nd_plymouth
ma,lower,Second Suffolk,1,sldl/ma-2nd-suffolk,ocd-division/country:us/state:ma/sldl:2nd_suffolk
ma,lower,Second Worcester,1,sldl/ma-2nd-worcester,ocd-division/country:us/state:ma/sldl:2nd_worcester
ma,lower,Thirtieth Middlesex,1,sldl/ma-30th-middlesex,ocd-division/country:us/state:ma/sldl:30th_middlesex
ma,lower,Thirty-First Middlesex,1,sldl/ma-31st-middlesex,ocd-division/country:us/state:ma/sldl:31st_middlesex
ma,lower,Thirty-Second Middlesex,1,sldl/ma-32nd-middlesex,ocd-division/country:us/state:ma/sldl:32nd_middlesex
ma,lower,Thirty-Third Middlesex,1,sldl/ma-33rd-middlesex,ocd-division/country:us/state:ma/sldl:33rd_middlesex
ma,lower,Thirty-Fourth Middlesex,1,sldl/ma-34th-middlesex,ocd-division/country:us/state:ma/sldl:34th_middlesex
ma,lower,Thirty-Fifth Middlesex,1,sldl/ma-35th-middlesex,ocd-division/country:us/state:ma/sldl:35th_middlesex
ma,lower,Thirty-Sixth Middlesex,1,sldl/ma-36th-middlesex,ocd-division/country:us/state:ma/sldl:36th_middlesex
ma,lower,Thirty-Seventh Middlesex,1,sldl/ma-37th-middlesex,ocd-division/country:us/state:ma/sldl:37th_middlesex
ma,lower,Third Barnstable,1,sldl/ma-3rd-barnstable,ocd-division/country:us/state:ma/sldl:3rd_barnstable
ma,lower,Third Berkshire,1,sldl/ma-3rd-berkshire,ocd-division/country:us/state:ma/sldl:3rd_berkshire
ma,lower,Third Bristol,1,sldl/ma-3rd-bristol,ocd-division/country:us/state:ma/sldl:3rd_bristol
ma,lower,Third Essex,1,sldl/ma-3rd-essex,ocd-division/country:us/state:ma/sldl:3rd_essex
ma,lower,Third Hampden,1,sldl/ma-3rd-hampden,ocd-division/country:us/state:ma/sldl:3rd_hampden
ma,lower,Third Hampshire,1,sldl/ma-3rd-hampshire,ocd-division/country:us/state:ma/sldl:3rd_hampshire
ma,lower,Third Middlesex,1,sldl/ma-3rd-middlesex,ocd-division/country:us/state:ma/sldl:3rd_middlesex
ma,lower,Third Norfolk,1,sldl/ma-3rd-norfolk,ocd-division/country:us/state:ma/sldl:3rd_norfolk
ma,lower,Third Plymouth,1,sldl/ma-3rd-plymouth,ocd-division/country:us/state:ma/sldl:3rd_plymouth
ma,lower,Third Suffolk,1,sldl/ma-3rd-suffolk,ocd-division/country:us/state:ma/sldl:3rd_suffolk
ma,lower,Third Worcester,1,sldl/ma-3rd-worcester,ocd-division/country:us/state:ma/sldl:3rd_worcester
ma,lower,Fourth Barnstable,1,sldl/ma-4th-barnstable,ocd-division/country:us/state:ma/sldl:4th_barnstable
ma,lower,Fourth Berkshire,1,sldl/ma-4th-berkshire,ocd-division/country:us/state:ma/sldl:4th_berkshire
ma,lower,Fourth Bristol,1,sldl/ma-4th-bristol,ocd-division/country:us/state:ma/sldl:4th_bristol
ma,lower,Fourth Essex,1,sldl/ma-4th-essex,ocd-division/country:us/state:ma/sldl:4th_essex
ma,lower,Fourth Hampden,1,sldl/ma-4th-hampden,ocd-division/country:us/state:ma/sldl:4th_hampden
ma,lower,Fourth Middlesex,1,sldl/ma-4th-middlesex,ocd-division/country:us/state:ma/sldl:4th_middlesex
ma,lower,Fourth Norfolk,1,sldl/ma-4th-norfolk,ocd-division/country:us/state:ma/sldl:4th_norfolk
ma,lower,Fourth Plymouth,1,sldl/ma-4th-plymouth,ocd-division/country:us/state:ma/sldl:4th_plymouth
ma,lower,Fourth Suffolk,1,sldl/ma-4th-suffolk,ocd-division/country:us/state:ma/sldl:4th_suffolk
ma,lower,Fourth Worcester,1,sldl/ma-4th-worcester,ocd-division/country:us/state:ma/sldl:4th_worcester
ma,lower,Fifth Barnstable,1,sldl/ma-5th-barnstable,ocd-division/country:us/state:ma/sldl:5th_barnstable
ma,lower,Fifth Bristol,1,sldl/ma-5th-bristol,ocd-division/country:us/state:ma/sldl:5th_bristol
ma,lower,Fifth Essex,1,sldl/ma-5th-essex,ocd-division/country:us/state:ma/sldl:5th_essex
ma,lower,Fifth Hampden,1,sldl/ma-5th-hampden,ocd-division/country:us/state:ma/sldl:5th_hampden
ma,lower,Fifth Middlesex,1,sldl/ma-5th-middlesex,ocd-division/country:us/state:ma/sldl:5th_middlesex
ma,lower,Fifth Norfolk,1,sldl/ma-5th-norfolk,ocd-division/country:us/state:ma/sldl:5th_norfolk
ma,lower,Fifth Plymouth,1,sldl/ma-5th-plymouth,ocd-division/country:us/state:ma/sldl:5th_plymouth
ma,lower,Fifth Suffolk,1,sldl/ma-5th-suffolk,ocd-division/country:us/state:ma/sldl:5th_suffolk
ma,lower,Fifth Worcester,1,sldl/ma-5th-worcester,ocd-division/country:us/state:ma/sldl:5th_worcester
ma,lower,Sixth Bristol,1,sldl/ma-6th-bristol,ocd-division/country:us/state:ma/sldl:6th_bristol
ma,lower,Sixth Essex,1,sldl/ma-6th-essex,ocd-division/country:us/state:ma/sldl:6th_essex
ma,lower,Sixth Hampden,1,sldl/ma-6th-hampden,ocd-division/country:us/state:ma/sldl:6th_hampden
ma,lower,Sixth Middlesex,1,sldl/ma-6th-middlesex,ocd-division/country:us/state:ma/sldl:6th_middlesex
ma,lower,Sixth Norfolk,1,sldl/ma-6th-norfolk,ocd-division/country:us/state:ma/sldl:6th_norfolk
ma,lower,Sixth Plymouth,1,sldl/ma-6th-plymouth,ocd-division/country:us/state:ma/sldl:6th_plymouth
ma,lower,Sixth Suffolk,1,sldl/ma-6th-suffolk,ocd-division/country:us/state:ma/sldl:6th_suffolk
ma,lower,Sixth Worcester,1,sldl/ma-6th-worcester,ocd-division/country:us/state:ma/sldl:6th_worcester
ma,lower,Seventh Bristol,1,sldl/ma-7th-bristol,ocd-division/country:us/state:ma/sldl:7th_bristol
ma,lower,Seventh Essex,1,sldl/ma-7th-essex,ocd-division/country:us/state:ma/sldl:7th_essex
ma,lower,Seventh Hampden,1,sldl/ma-7th-hampden,ocd-division/country:us/state:ma/sldl:7th_hampden
ma,lower,Seventh Middlesex,1,sldl/ma-7th-midddlesex,ocd-division/country:us/state:ma/sldl:7th_middlesex
ma,lower,Seventh Norfolk,1,sldl/ma-7th-norfolk,ocd-division/country:us/state:ma/sldl:7th_norfolk
ma,lower,Seventh Plymouth,1,sldl/ma-7th-plymouth,ocd-division/country:us/state:ma/sldl:7th_plymouth
ma,lower,Seventh Suffolk,1,sldl/ma-7th-suffolk,ocd-division/country:us/state:ma/sldl:7th_suffolk
ma,lower,Seventh Worcester,1,sldl/ma-7th-worcester,ocd-division/country:us/state:ma/sldl:7th_worcester
ma,lower,Eighth Bristol,1,sldl/ma-8th-bristol,ocd-division/country:us/state:ma/sldl:8th_bristol
ma,lower,Eighth Essex,1,sldl/ma-8th-essex,ocd-division/country:us/state:ma/sldl:8th_essex
ma,lower,Eighth Hampden,1,sldl/ma-8th-hampden,ocd-division/country:us/state:ma/sldl:8th_hampden
ma,lower,Eighth Middlesex,1,sldl/ma-8th-middlesex,ocd-division/country:us/state:ma/sldl:8th_middlesex
ma,lower,Eighth Norfolk,1,sldl/ma-8th-norfolk,ocd-division/country:us/state:ma/sldl:8th_norfolk
ma,lower,Eighth Plymouth,1,sldl/ma-8th-plymouth,ocd-division/country:us/state:ma/sldl:8th_plymouth
ma,lower,Eighth Suffolk,1,sldl/ma-8th-suffolk,ocd-division/country:us/state:ma/sldl:8th_suffolk
ma,lower,Eighth Worcester,1,sldl/ma-8th-worcester,ocd-division/country:us/state:ma/sldl:8th_worcester
ma,lower,Ninth Bristol,1,sldl/ma-9th-bristol,ocd-division/country:us/state:ma/sldl:9th_bristol
ma,lower,Ninth Essex,1,sldl/ma-9th-essex,ocd-division/country:us/state:ma/sldl:9th_essex
ma,lower,Ninth Hampden,1,sldl/ma-9th-hampden,ocd-division/country:us/state:ma/sldl:9th_hampden
ma,lower,Ninth Middlesex,1,sldl/ma-9th-middlesex,ocd-division/country:us/state:ma/sldl:9th_middlesex
ma,lower,Ninth Norfolk,1,sldl/ma-9th-norfolk,ocd-division/country:us/state:ma/sldl:9th_norfolk
ma,lower,Ninth Plymouth,1,sldl/ma-9th-plymouth,ocd-division/country:us/state:ma/sldl:9th_plymouth
ma,lower,Ninth Suffolk,1,sldl/ma-9th-suffolk,ocd-division/country:us/state:ma/sldl:9th_suffolk
ma,lower,Ninth Worcester,1,sldl/ma-9th-worcester,ocd-division/country:us/state:ma/sldl:9th_worcester
ma,lower,"Barnstable, Dukes and Nantucket",1,sldl/ma-barnstable-dukes-and-nantucket,ocd-division/country:us/state:ma/sldl:barnstable_dukes_and_nantucket
ma,upper,"Berkshire, Hampshire, Franklin and Hampden",1,sldu/ma-berkshire-hampshire-franklin-and-hampden,ocd-division/country:us/state:ma/sldu:berkshire_hampshire_franklin_and_hampden
ma,upper,Bristol and Norfolk,1,sldu/ma-bristol-norfolk,ocd-division/country:us/state:ma/sldu:bristol_and_norfolk
ma,upper,Cape and Islands,1,sldu/ma-cape-islands,ocd-division/country:us/state:ma/sldu:cape_and_islands
ma,upper,Fifth Middlesex,1,sldu/ma-fifth-middlesex,ocd-division/country:us/state:ma/sldu:5th_middlesex
ma,upper,First Bristol and Plymouth,1,sldu/ma-first-bristol-plymouth,ocd-division/country:us/state:ma/sldu:1st_bristol_and_plymouth
ma,upper,First Essex,1,sldu/ma-first-essex,ocd-division/country:us/state:ma/sldu:1st_essex
ma,upper,First Essex and Middlesex,1,sldu/ma-first-essex-middlesex,ocd-division/country:us/state:ma/sldu:1st_essex_and_middlesex
ma,upper,First Hampden and Hampshire,1,sldu/ma-first-hampden-hampshire,ocd-division/country:us/state:ma/sldu:1st_hampden_and_hampshire
ma,upper,First Middlesex,1,sldu/ma-first-middlesex,ocd-division/country:us/state:ma/sldu:1st_middlesex
ma,upper,First Middlesex and Norfolk,1,sldu/ma-first-middlesex-norfolk,ocd-division/country:us/state:ma/sldu:1st_middlesex_and_norfolk
ma,upper,First Plymouth and Bristol,1,sldu/ma-first-plymouth-bristol,ocd-division/country:us/state:ma/sldu:1st_plymouth_and_bristol
ma,upper,First Suffolk,1,sldu/ma-first-suffolk,ocd-division/country:us/state:ma/sldu:1st_suffolk
ma,upper,First Suffolk and Middlesex,1,sldu/ma-first-suffolk-middlesex,ocd-division/country:us/state:ma/sldu:1st_suffolk_and_middlesex
ma,upper,First Worcester,1,sldu/ma-first-worcester,ocd-division/country:us/state:ma/sldu:1st_worcester
ma,upper,Fourth Middlesex,1,sldu/ma-fourth-middlesex,ocd-division/country:us/state:ma/sldu:4th_middlesex
ma,upper,Hampden,1,sldu/ma-hampden,ocd-division/country:us/state:ma/sldu:hampden
ma,upper,"Hampshire, Franklin and Worcester",1,sldu/ma-hampshire-franklin-and-worcester,ocd-division/country:us/state:ma/sldu:hampshire_franklin_and_worcester
ma,upper,Middlesex and Suffolk,1,sldu/ma-middlesex-suffolk,ocd-division/country:us/state:ma/sldu:middlesex_and_suffolk
ma,upper,Middlesex and Worcester,1,sldu/ma-middlesex-worcester,ocd-division/country:us/state:ma/sldu:middlesex_and_worcester
ma,upper,"Norfolk, Bristol and Middlesex",1,sldu/ma-norfolk-bristol-and-middlesex,ocd-division/country:us/state:ma/sldu:norfolk_bristol_and_middlesex
ma,upper,"Norfolk, Bristol and Plymouth",1,sldu/ma-norfolk-bristol-and-plymouth,ocd-division/country:us/state:ma/sldu:norfolk_bristol_and_plymouth
ma,upper,Norfolk and Plymouth,1,sldu/ma-norfolk-plymouth,ocd-division/country:us/state:ma/sldu:norfolk_and_plymouth
ma,upper,Norfolk and Suffolk,1,sldu/ma-norfolk-suffolk,ocd-division/country:us/state:ma/sldu:norfolk_and_suffolk
ma,upper,Plymouth and Barnstable,1,sldu/ma-plymouth-barnstable,ocd-division/country:us/state:ma/sldu:plymouth_and_barnstable
ma,upper,Plymouth and Norfolk,1,sldu/ma-plymouth-norfolk,ocd-division/country:us/state:ma/sldu:plymouth_and_norfolk
ma,upper,Second Bristol and Plymouth,1,sldu/ma-second-bristol-plymouth,ocd-division/country:us/state:ma/sldu:2nd_bristol_and_plymouth
ma,upper,Second Essex,1,sldu/ma-second-essex,ocd-division/country:us/state:ma/sldu:2nd_essex
ma,upper,Second Essex and Middlesex,1,sldu/ma-second-essex-middlesex,ocd-division/country:us/state:ma/sldu:2nd_essex_and_middlesex
ma,upper,Second Hampden and Hampshire,1,sldu/ma-second-hampden-hampshire,ocd-division/country:us/state:ma/sldu:2nd_hampden_and_hampshire
ma,upper,Second Middlesex,1,sldu/ma-second-middlesex,ocd-division/country:us/state:ma/sldu:2nd_middlesex
ma,upper,Second Middlesex and Norfolk,1,sldu/ma-second-middlesex-norfolk,ocd-division/country:us/state:ma/sldu:2nd_middlesex_and_norfolk
ma,upper,Second Plymouth and Bristol,1,sldu/ma-second-plymouth-bristol,ocd-division/country:us/state:ma/sldu:2nd_plymouth_and_bristol
ma,upper,Second Suffolk,1,sldu/ma-second-suffolk,ocd-division/country:us/state:ma/sldu:2nd_suffolk
ma,upper,Second Suffolk and Middlesex,1,sldu/ma-second-suffolk-middlesex,ocd-division/country:us/state:ma/sldu:2nd_suffolk_and_middlesex
ma,upper,Second Worcester,1,sldu/ma-second-worcester,ocd-division/country:us/state:ma/sldu:2nd_worcester
ma,upper,Third Essex,1,sldu/ma-third-essex,ocd-division/country:us/state:ma/sldu:3rd_essex
ma,upper,Third Middlesex,1,sldu/ma-third-middlesex,ocd-division/country:us/state:ma/sldu:3rd_middlesex
ma,upper,"Worcester, Hampden, Hampshire and Middlesex",1,sldu/ma-worcester-hampden-hampshire-and-middlesex,ocd-division/country:us/state:ma/sldu:worcester_hampden_hampshire_and_middlesex
ma,upper,Worcester and Middlesex,1,sldu/ma-worcester-middlesex,ocd-division/country:us/state:ma/sldu:worcester_and_middlesex
ma,upper,Worcester and Norfolk,1,sldu/ma-worcester-norfolk,ocd-division/country:us/state:ma/sldu:worcester_and_norfolk
