abbr,chamber,name,num_seats,boundary_id,division_id
nh,lower,Belknap 1,1,sldl/nh-belknap-county-no-1,ocd-division/country:us/state:nh/sldl:belknap_1
nh,lower,Belknap 2,4,sldl/nh-belknap-county-no-2,ocd-division/country:us/state:nh/sldl:belknap_2
nh,lower,Belknap 3,4,sldl/nh-belknap-county-no-3,ocd-division/country:us/state:nh/sldl:belknap_3
nh,lower,Belknap 4,2,sldl/nh-belknap-county-no-4,ocd-division/country:us/state:nh/sldl:belknap_4
nh,lower,Belknap 5,2,sldl/nh-belknap-county-no-5,ocd-division/country:us/state:nh/sldl:belknap_5
nh,lower,Belknap 6,2,sldl/nh-belknap-county-no-6,ocd-division/country:us/state:nh/sldl:belknap_6
nh,lower,Belknap 7,1,sldl/nh-belknap-county-no-7,ocd-division/country:us/state:nh/sldl:belknap_7
nh,lower,Belknap 8,1,nh-12/nh-belknap-county-no-8,ocd-division/country:us/state:nh/sldl:belknap_8
nh,lower,Belknap 9,1,nh-12/nh-belknap-county-no-9,ocd-division/country:us/state:nh/sldl:belknap_9
nh,lower,Carroll 1,1,sldl/nh-carroll-county-no-1,ocd-division/country:us/state:nh/sldl:carroll_1
nh,lower,Carroll 2,3,sldl/nh-carroll-county-no-2,ocd-division/country:us/state:nh/sldl:carroll_2
nh,lower,Carroll 3,2,sldl/nh-carroll-county-no-3,ocd-division/country:us/state:nh/sldl:carroll_3
nh,lower,Carroll 4,2,sldl/nh-carroll-county-no-4,ocd-division/country:us/state:nh/sldl:carroll_4
nh,lower,Carroll 5,3,sldl/nh-carroll-county-no-5,ocd-division/country:us/state:nh/sldl:carroll_5
nh,lower,Carroll 6,2,sldl/nh-carroll-county-no-6,ocd-division/country:us/state:nh/sldl:carroll_6
nh,lower,Carroll 7,1,nh-12/nh-carroll-county-no-7,ocd-division/country:us/state:nh/sldl:carroll_7
nh,lower,Carroll 8,1,nh-12/nh-carroll-county-no-8,ocd-division/country:us/state:nh/sldl:carroll_8
nh,lower,Cheshire 1,4,sldl/nh-cheshire-county-no-1,ocd-division/country:us/state:nh/sldl:cheshire_1
nh,lower,Cheshire 2,1,sldl/nh-cheshire-county-no-2,ocd-division/country:us/state:nh/sldl:cheshire_2
nh,lower,Cheshire 3,1,sldl/nh-cheshire-county-no-3,ocd-division/country:us/state:nh/sldl:cheshire_3
nh,lower,Cheshire 4,1,sldl/nh-cheshire-county-no-4,ocd-division/country:us/state:nh/sldl:cheshire_4
nh,lower,Cheshire 5,1,sldl/nh-cheshire-county-no-5,ocd-division/country:us/state:nh/sldl:cheshire_5
nh,lower,Cheshire 6,1,sldl/nh-cheshire-county-no-6,ocd-division/country:us/state:nh/sldl:cheshire_6
nh,lower,Cheshire 7,1,sldl/nh-cheshire-county-no-7,ocd-division/country:us/state:nh/sldl:cheshire_7
nh,lower,Cheshire 8,1,sldl/nh-cheshire-county-no-8,ocd-division/country:us/state:nh/sldl:cheshire_8
nh,lower,Cheshire 9,2,sldl/nh-cheshire-county-no-9,ocd-division/country:us/state:nh/sldl:cheshire_9
nh,lower,Cheshire 10,1,sldl/nh-cheshire-county-no-10,ocd-division/country:us/state:nh/sldl:cheshire_10
nh,lower,Cheshire 11,2,sldl/nh-cheshire-county-no-11,ocd-division/country:us/state:nh/sldl:cheshire_11
nh,lower,Cheshire 12,2,sldl/nh-cheshire-county-no-12,ocd-division/country:us/state:nh/sldl:cheshire_12
nh,lower,Cheshire 13,1,sldl/nh-cheshire-county-no-13,ocd-division/country:us/state:nh/sldl:cheshire_13
nh,lower,Cheshire 14,1,nh-12/nh-cheshire-county-no-14,ocd-division/country:us/state:nh/sldl:cheshire_14
nh,lower,Cheshire 15,1,nh-12/nh-cheshire-county-no-15,ocd-division/country:us/state:nh/sldl:cheshire_15
nh,lower,Cheshire 16,2,nh-12/nh-cheshire-county-no-16,ocd-division/country:us/state:nh/sldl:cheshire_16
nh,lower,Coos 1,2,sldl/nh-coos-county-no-1,ocd-division/country:us/state:nh/sldl:coos_1
nh,lower,Coos 2,1,sldl/nh-coos-county-no-2,ocd-division/country:us/state:nh/sldl:coos_2
nh,lower,Coos 3,3,sldl/nh-coos-county-no-3,ocd-division/country:us/state:nh/sldl:coos_3
nh,lower,Coos 4,1,sldl/nh-coos-county-no-4,ocd-division/country:us/state:nh/sldl:coos_4
nh,lower,Coos 5,1,sldl/nh-coos-county-no-5,ocd-division/country:us/state:nh/sldl:coos_5
nh,lower,Coos 6,1,sldl/nh-coos-county-no-6,ocd-division/country:us/state:nh/sldl:coos_6
nh,lower,Coos 7,1,nh-12/nh-coos-county-no-7,ocd-division/country:us/state:nh/sldl:coos_7
nh,lower,Grafton 1,2,sldl/nh-grafton-county-no-1,ocd-division/country:us/state:nh/sldl:grafton_1
nh,lower,Grafton 2,1,sldl/nh-grafton-county-no-2,ocd-division/country:us/state:nh/sldl:grafton_2
nh,lower,Grafton 3,1,sldl/nh-grafton-county-no-3,ocd-division/country:us/state:nh/sldl:grafton_3
nh,lower,Grafton 4,1,sldl/nh-grafton-county-no-4,ocd-division/country:us/state:nh/sldl:grafton_4
nh,lower,Grafton 5,1,sldl/nh-grafton-county-no-5,ocd-division/country:us/state:nh/sldl:grafton_5
nh,lower,Grafton 6,1,sldl/nh-grafton-county-no-6,ocd-division/country:us/state:nh/sldl:grafton_6
nh,lower,Grafton 7,1,sldl/nh-grafton-county-no-7,ocd-division/country:us/state:nh/sldl:grafton_7
nh,lower,Grafton 8,3,sldl/nh-grafton-county-no-8,ocd-division/country:us/state:nh/sldl:grafton_8
nh,lower,Grafton 9,2,sldl/nh-grafton-county-no-9,ocd-division/country:us/state:nh/sldl:grafton_9
nh,lower,Grafton 10,1,sldl/nh-grafton-county-no-10,ocd-division/country:us/state:nh/sldl:grafton_10
nh,lower,Grafton 11,1,sldl/nh-grafton-county-no-11,ocd-division/country:us/state:nh/sldl:grafton_11
nh,lower,Grafton 12,4,sldl/nh-grafton-county-no-12,ocd-division/country:us/state:nh/sldl:grafton_12
nh,lower,Grafton 13,4,sldl/nh-grafton-county-no-13,ocd-division/country:us/state:nh/sldl:grafton_13
nh,lower,Grafton 14,1,nh-12/nh-grafton-county-no-14,ocd-division/country:us/state:nh/sldl:grafton_14
nh,lower,Grafton 15,1,nh-12/nh-grafton-county-no-15,ocd-division/country:us/state:nh/sldl:grafton_15
nh,lower,Grafton 16,1,nh-12/nh-grafton-county-no-16,ocd-division/country:us/state:nh/sldl:grafton_16
nh,lower,Grafton 17,1,nh-12/nh-grafton-county-no-17,ocd-division/country:us/state:nh/sldl:grafton_17
nh,lower,Hillsborough 1,2,sldl/nh-hillsborough-county-no-1,ocd-division/country:us/state:nh/sldl:hillsborough_1
nh,lower,Hillsborough 2,3,sldl/nh-hillsborough-county-no-2,ocd-division/country:us/state:nh/sldl:hillsborough_2
nh,lower,Hillsborough 3,1,sldl/nh-hillsborough-county-no-3,ocd-division/country:us/state:nh/sldl:hillsborough_3
nh,lower,Hillsborough 4,2,sldl/nh-hillsborough-county-no-4,ocd-division/country:us/state:nh/sldl:hillsborough_4
nh,lower,Hillsborough 5,2,sldl/nh-hillsborough-county-no-5,ocd-division/country:us/state:nh/sldl:hillsborough_5
nh,lower,Hillsborough 6,5,sldl/nh-hillsborough-county-no-6,ocd-division/country:us/state:nh/sldl:hillsborough_6
nh,lower,Hillsborough 7,6,sldl/nh-hillsborough-county-no-7,ocd-division/country:us/state:nh/sldl:hillsborough_7
nh,lower,Hillsborough 8,2,sldl/nh-hillsborough-county-no-8,ocd-division/country:us/state:nh/sldl:hillsborough_8
nh,lower,Hillsborough 9,2,sldl/nh-hillsborough-county-no-9,ocd-division/country:us/state:nh/sldl:hillsborough_9
nh,lower,Hillsborough 10,2,sldl/nh-hillsborough-county-no-10,ocd-division/country:us/state:nh/sldl:hillsborough_10
nh,lower,Hillsborough 11,2,sldl/nh-hillsborough-county-no-11,ocd-division/country:us/state:nh/sldl:hillsborough_11
nh,lower,Hillsborough 12,2,sldl/nh-hillsborough-county-no-12,ocd-division/country:us/state:nh/sldl:hillsborough_12
nh,lower,Hillsborough 13,2,sldl/nh-hillsborough-county-no-13,ocd-division/country:us/state:nh/sldl:hillsborough_13
nh,lower,Hillsborough 14,2,sldl/nh-hillsborough-county-no-14,ocd-division/country:us/state:nh/sldl:hillsborough_14
nh,lower,Hillsborough 15,2,sldl/nh-hillsborough-county-no-15,ocd-division/country:us/state:nh/sldl:hillsborough_15
nh,lower,Hillsborough 16,2,sldl/nh-hillsborough-county-no-16,ocd-division/country:us/state:nh/sldl:hillsborough_16
nh,lower,Hillsborough 17,2,sldl/nh-hillsborough-county-no-17,ocd-division/country:us/state:nh/sldl:hillsborough_17
nh,lower,Hillsborough 18,2,sldl/nh-hillsborough-county-no-18,ocd-division/country:us/state:nh/sldl:hillsborough_18
nh,lower,Hillsborough 19,2,sldl/nh-hillsborough-county-no-19,ocd-division/country:us/state:nh/sldl:hillsborough_19
nh,lower,Hillsborough 20,2,sldl/nh-hillsborough-county-no-20,ocd-division/country:us/state:nh/sldl:hillsborough_20
nh,lower,Hillsborough 21,8,sldl/nh-hillsborough-county-no-21,ocd-division/country:us/state:nh/sldl:hillsborough_21
nh,lower,Hillsborough 22,3,sldl/nh-hillsborough-county-no-22,ocd-division/country:us/state:nh/sldl:hillsborough_22
nh,lower,Hillsborough 23,4,sldl/nh-hillsborough-county-no-23,ocd-division/country:us/state:nh/sldl:hillsborough_23
nh,lower,Hillsborough 24,2,sldl/nh-hillsborough-county-no-24,ocd-division/country:us/state:nh/sldl:hillsborough_24
nh,lower,Hillsborough 25,2,sldl/nh-hillsborough-county-no-25,ocd-division/country:us/state:nh/sldl:hillsborough_25
nh,lower,Hillsborough 26,2,sldl/nh-hillsborough-county-no-26,ocd-division/country:us/state:nh/sldl:hillsborough_26
nh,lower,Hillsborough 27,2,sldl/nh-hillsborough-county-no-27,ocd-division/country:us/state:nh/sldl:hillsborough_27
nh,lower,Hillsborough 28,3,sldl/nh-hillsborough-county-no-28,ocd-division/country:us/state:nh/sldl:hillsborough_28
nh,lower,Hillsborough 29,3,sldl/nh-hillsborough-county-no-29,ocd-division/country:us/state:nh/sldl:hillsborough_29
nh,lower,Hillsborough 30,3,sldl/nh-hillsborough-county-no-30,ocd-division/country:us/state:nh/sldl:hillsborough_30
nh,lower,Hillsborough 31,3,sldl/nh-hillsborough-county-no-31,ocd-division/country:us/state:nh/sldl:hillsborough_31
nh,lower,Hillsborough 32,3,sldl/nh-hillsborough-county-no-32,ocd-division/country:us/state:nh/sldl:hillsborough_32
nh,lower,Hillsborough 33,3,sldl/nh-hillsborough-county-no-33,ocd-division/country:us/state:nh/sldl:hillsborough_33
nh,lower,Hillsborough 34,3,sldl/nh-hillsborough-county-no-34,ocd-division/country:us/state:nh/sldl:hillsborough_34
nh,lower,Hillsborough 35,3,sldl/nh-hillsborough-county-no-35,ocd-division/country:us/state:nh/sldl:hillsborough_35
nh,lower,Hillsborough 36,3,sldl/nh-hillsborough-county-no-36,ocd-division/country:us/state:nh/sldl:hillsborough_36
nh,lower,Hillsborough 37,11,sldl/nh-hillsborough-county-no-37,ocd-division/country:us/state:nh/sldl:hillsborough_37
nh,lower,Hillsborough 38,2,nh-12/nh-hillsborough-county-no-38,ocd-division/country:us/state:nh/sldl:hillsborough_38
nh,lower,Hillsborough 39,1,nh-12/nh-hillsborough-county-no-39,ocd-division/country:us/state:nh/sldl:hillsborough_39
nh,lower,Hillsborough 40,1,nh-12/nh-hillsborough-county-no-40,ocd-division/country:us/state:nh/sldl:hillsborough_40
nh,lower,Hillsborough 41,1,nh-12/nh-hillsborough-county-no-41,ocd-division/country:us/state:nh/sldl:hillsborough_41
nh,lower,Hillsborough 42,2,nh-12/nh-hillsborough-county-no-42,ocd-division/country:us/state:nh/sldl:hillsborough_42
nh,lower,Hillsborough 43,3,nh-12/nh-hillsborough-county-no-43,ocd-division/country:us/state:nh/sldl:hillsborough_43
nh,lower,Hillsborough 44,2,nh-12/nh-hillsborough-county-no-44,ocd-division/country:us/state:nh/sldl:hillsborough_44
nh,lower,Hillsborough 45,2,nh-12/nh-hillsborough-county-no-45,ocd-division/country:us/state:nh/sldl:hillsborough_45
nh,lower,Merrimack 1,1,sldl/nh-merrimack-county-no-1,ocd-division/country:us/state:nh/sldl:merrimack_1
nh,lower,Merrimack 2,2,sldl/nh-merrimack-county-no-2,ocd-division/country:us/state:nh/sldl:merrimack_2
nh,lower,Merrimack 3,2,sldl/nh-merrimack-county-no-3,ocd-division/country:us/state:nh/sldl:merrimack_3
nh,lower,Merrimack 4,1,sldl/nh-merrimack-county-no-4,ocd-division/country:us/state:nh/sldl:merrimack_4
nh,lower,Merrimack 5,2,sldl/nh-merrimack-county-no-5,ocd-division/country:us/state:nh/sldl:merrimack_5
nh,lower,Merrimack 6,2,sldl/nh-merrimack-county-no-6,ocd-division/country:us/state:nh/sldl:merrimack_6
nh,lower,Merrimack 7,1,sldl/nh-merrimack-county-no-7,ocd-division/country:us/state:nh/sldl:merrimack_7
nh,lower,Merrimack 8,1,sldl/nh-merrimack-county-no-8,ocd-division/country:us/state:nh/sldl:merrimack_8
nh,lower,Merrimack 9,2,sldl/nh-merrimack-county-no-9,ocd-division/country:us/state:nh/sldl:merrimack_9
nh,lower,Merrimack 10,3,sldl/nh-merrimack-county-no-10,ocd-division/country:us/state:nh/sldl:merrimack_10
nh,lower,Merrimack 11,1,sldl/nh-merrimack-county-no-11,ocd-division/country:us/state:nh/sldl:merrimack_11
nh,lower,Merrimack 12,1,sldl/nh-merrimack-county-no-12,ocd-division/country:us/state:nh/sldl:merrimack_12
nh,lower,Merrimack 13,1,sldl/nh-merrimack-county-no-13,ocd-division/country:us/state:nh/sldl:merrimack_13
nh,lower,Merrimack 14,1,sldl/nh-merrimack-county-no-14,ocd-division/country:us/state:nh/sldl:merrimack_14
nh,lower,Merrimack 15,1,sldl/nh-merrimack-county-no-15,ocd-division/country:us/state:nh/sldl:merrimack_15
nh,lower,Merrimack 16,1,sldl/nh-merrimack-county-no-16,ocd-division/country:us/state:nh/sldl:merrimack_16
nh,lower,Merrimack 17,1,sldl/nh-merrimack-county-no-17,ocd-division/country:us/state:nh/sldl:merrimack_17
nh,lower,Merrimack 18,1,sldl/nh-merrimack-county-no-18,ocd-division/country:us/state:nh/sldl:merrimack_18
nh,lower,Merrimack 19,1,sldl/nh-merrimack-county-no-19,ocd-division/country:us/state:nh/sldl:merrimack_19
nh,lower,Merrimack 20,3,sldl/nh-merrimack-county-no-20,ocd-division/country:us/state:nh/sldl:merrimack_20
nh,lower,Merrimack 21,2,sldl/nh-merrimack-county-no-21,ocd-division/country:us/state:nh/sldl:merrimack_21
nh,lower,Merrimack 22,1,sldl/nh-merrimack-county-no-22,ocd-division/country:us/state:nh/sldl:merrimack_22
nh,lower,Merrimack 23,3,sldl/nh-merrimack-county-no-23,ocd-division/country:us/state:nh/sldl:merrimack_23
nh,lower,Merrimack 24,4,sldl/nh-merrimack-county-no-24,ocd-division/country:us/state:nh/sldl:merrimack_24
nh,lower,Merrimack 25,1,nh-12/nh-merrimack-county-no-25,ocd-division/country:us/state:nh/sldl:merrimack_25
nh,lower,Merrimack 26,1,nh-12/nh-merrimack-county-no-26,ocd-division/country:us/state:nh/sldl:merrimack_26
nh,lower,Merrimack 27,2,nh-12/nh-merrimack-county-no-27,ocd-division/country:us/state:nh/sldl:merrimack_27
nh,lower,Merrimack 28,1,nh-12/nh-merrimack-county-no-28,ocd-division/country:us/state:nh/sldl:merrimack_28
nh,lower,Merrimack 29,1,nh-12/nh-merrimack-county-no-29,ocd-division/country:us/state:nh/sldl:merrimack_29
nh,lower,Rockingham 1,1,sldl/nh-rockingham-county-no-1,ocd-division/country:us/state:nh/sldl:rockingham_1
nh,lower,Rockingham 2,3,sldl/nh-rockingham-county-no-2,ocd-division/country:us/state:nh/sldl:rockingham_2
nh,lower,Rockingham 3,3,sldl/nh-rockingham-county-no-3,ocd-division/country:us/state:nh/sldl:rockingham_3
nh,lower,Rockingham 4,5,sldl/nh-rockingham-county-no-4,ocd-division/country:us/state:nh/sldl:rockingham_4
nh,lower,Rockingham 5,7,sldl/nh-rockingham-county-no-5,ocd-division/country:us/state:nh/sldl:rockingham_5
nh,lower,Rockingham 6,10,sldl/nh-rockingham-county-no-6,ocd-division/country:us/state:nh/sldl:rockingham_6
nh,lower,Rockingham 7,4,sldl/nh-rockingham-county-no-7,ocd-division/country:us/state:nh/sldl:rockingham_7
nh,lower,Rockingham 8,9,sldl/nh-rockingham-county-no-8,ocd-division/country:us/state:nh/sldl:rockingham_8
nh,lower,Rockingham 9,2,sldl/nh-rockingham-county-no-9,ocd-division/country:us/state:nh/sldl:rockingham_9
nh,lower,Rockingham 10,1,sldl/nh-rockingham-county-no-10,ocd-division/country:us/state:nh/sldl:rockingham_10
nh,lower,Rockingham 11,1,sldl/nh-rockingham-county-no-11,ocd-division/country:us/state:nh/sldl:rockingham_11
nh,lower,Rockingham 12,1,sldl/nh-rockingham-county-no-12,ocd-division/country:us/state:nh/sldl:rockingham_12
nh,lower,Rockingham 13,4,sldl/nh-rockingham-county-no-13,ocd-division/country:us/state:nh/sldl:rockingham_13
nh,lower,Rockingham 14,4,sldl/nh-rockingham-county-no-14,ocd-division/country:us/state:nh/sldl:rockingham_14
nh,lower,Rockingham 15,1,sldl/nh-rockingham-county-no-15,ocd-division/country:us/state:nh/sldl:rockingham_15
nh,lower,Rockingham 16,1,sldl/nh-rockingham-county-no-16,ocd-division/country:us/state:nh/sldl:rockingham_16
nh,lower,Rockingham 17,3,sldl/nh-rockingham-county-no-17,ocd-division/country:us/state:nh/sldl:rockingham_17
nh,lower,Rockingham 18,4,sldl/nh-rockingham-county-no-18,ocd-division/country:us/state:nh/sldl:rockingham_18
nh,lower,Rockingham 19,2,sldl/nh-rockingham-county-no-19,ocd-division/country:us/state:nh/sldl:rockingham_19
nh,lower,Rockingham 20,3,sldl/nh-rockingham-county-no-20,ocd-division/country:us/state:nh/sldl:rockingham_20
nh,lower,Rockingham 21,4,sldl/nh-rockingham-county-no-21,ocd-division/country:us/state:nh/sldl:rockingham_21
nh,lower,Rockingham 22,1,sldl/nh-rockingham-county-no-22,ocd-division/country:us/state:nh/sldl:rockingham_22
nh,lower,Rockingham 23,1,sldl/nh-rockingham-county-no-23,ocd-division/country:us/state:nh/sldl:rockingham_23
nh,lower,Rockingham 24,2,sldl/nh-rockingham-county-no-24,ocd-division/country:us/state:nh/sldl:rockingham_24
nh,lower,Rockingham 25,1,sldl/nh-rockingham-county-no-25,ocd-division/country:us/state:nh/sldl:rockingham_25
nh,lower,Rockingham 26,1,sldl/nh-rockingham-county-no-26,ocd-division/country:us/state:nh/sldl:rockingham_26
nh,lower,Rockingham 27,1,sldl/nh-rockingham-county-no-27,ocd-division/country:us/state:nh/sldl:rockingham_27
nh,lower,Rockingham 28,1,sldl/nh-rockingham-county-no-28,ocd-division/country:us/state:nh/sldl:rockingham_28
nh,lower,Rockingham 29,1,sldl/nh-rockingham-county-no-29,ocd-division/country:us/state:nh/sldl:rockingham_29
nh,lower,Rockingham 30,1,nh-12/nh-rockingham-county-no-30,ocd-division/country:us/state:nh/sldl:rockingham_30
nh,lower,Rockingham 31,1,nh-12/nh-rockingham-county-no-31,ocd-division/country:us/state:nh/sldl:rockingham_31
nh,lower,Rockingham 32,1,nh-12/nh-rockingham-county-no-32,ocd-division/country:us/state:nh/sldl:rockingham_32
nh,lower,Rockingham 33,1,nh-12/nh-rockingham-county-no-33,ocd-division/country:us/state:nh/sldl:rockingham_33
nh,lower,Rockingham 34,1,nh-12/nh-rockingham-county-no-34,ocd-division/country:us/state:nh/sldl:rockingham_34
nh,lower,Rockingham 35,1,nh-12/nh-rockingham-county-no-35,ocd-division/country:us/state:nh/sldl:rockingham_35
nh,lower,Rockingham 36,1,nh-12/nh-rockingham-county-no-36,ocd-division/country:us/state:nh/sldl:rockingham_36
nh,lower,Rockingham 37,1,nh-12/nh-rockingham-county-no-37,ocd-division/country:us/state:nh/sldl:rockingham_37
nh,lower,Strafford 1,2,sldl/nh-strafford-county-no-1,ocd-division/country:us/state:nh/sldl:strafford_1
nh,lower,Strafford 2,2,sldl/nh-strafford-county-no-2,ocd-division/country:us/state:nh/sldl:strafford_2
nh,lower,Strafford 3,2,sldl/nh-strafford-county-no-3,ocd-division/country:us/state:nh/sldl:strafford_3
nh,lower,Strafford 4,2,sldl/nh-strafford-county-no-4,ocd-division/country:us/state:nh/sldl:strafford_4
nh,lower,Strafford 5,1,sldl/nh-strafford-county-no-5,ocd-division/country:us/state:nh/sldl:strafford_5
nh,lower,Strafford 6,5,sldl/nh-strafford-county-no-6,ocd-division/country:us/state:nh/sldl:strafford_6
nh,lower,Strafford 7,1,sldl/nh-strafford-county-no-7,ocd-division/country:us/state:nh/sldl:strafford_7
nh,lower,Strafford 8,1,sldl/nh-strafford-county-no-8,ocd-division/country:us/state:nh/sldl:strafford_8
nh,lower,Strafford 9,1,sldl/nh-strafford-county-no-9,ocd-division/country:us/state:nh/sldl:strafford_9
nh,lower,Strafford 10,1,sldl/nh-strafford-county-no-10,ocd-division/country:us/state:nh/sldl:strafford_10
nh,lower,Strafford 11,1,sldl/nh-strafford-county-no-11,ocd-division/country:us/state:nh/sldl:strafford_11
nh,lower,Strafford 12,1,sldl/nh-strafford-county-no-12,ocd-division/country:us/state:nh/sldl:strafford_12
nh,lower,Strafford 13,1,sldl/nh-strafford-county-no-13,ocd-division/country:us/state:nh/sldl:strafford_13
nh,lower,Strafford 14,1,sldl/nh-strafford-county-no-14,ocd-division/country:us/state:nh/sldl:strafford_14
nh,lower,Strafford 15,1,sldl/nh-strafford-county-no-15,ocd-division/country:us/state:nh/sldl:strafford_15
nh,lower,Strafford 16,1,sldl/nh-strafford-county-no-16,ocd-division/country:us/state:nh/sldl:strafford_16
nh,lower,Strafford 17,3,sldl/nh-strafford-county-no-17,ocd-division/country:us/state:nh/sldl:strafford_17
nh,lower,Strafford 18,3,sldl/nh-strafford-county-no-18,ocd-division/country:us/state:nh/sldl:strafford_18
nh,lower,Strafford 19,1,nh-12/nh-strafford-county-no-19,ocd-division/country:us/state:nh/sldl:strafford_19
nh,lower,Strafford 20,1,nh-12/nh-strafford-county-no-20,ocd-division/country:us/state:nh/sldl:strafford_20
nh,lower,Strafford 21,1,nh-12/nh-strafford-county-no-21,ocd-division/country:us/state:nh/sldl:strafford_21
nh,lower,Strafford 22,1,nh-12/nh-strafford-county-no-22,ocd-division/country:us/state:nh/sldl:strafford_22
nh,lower,Strafford 23,1,nh-12/nh-strafford-county-no-23,ocd-division/country:us/state:nh/sldl:strafford_23
nh,lower,Strafford 24,1,nh-12/nh-strafford-county-no-24,ocd-division/country:us/state:nh/sldl:strafford_24
nh,lower,Strafford 25,1,nh-12/nh-strafford-county-no-25,ocd-division/country:us/state:nh/sldl:strafford_25
nh,lower,Sullivan 1,2,sldl/nh-sullivan-county-no-1,ocd-division/country:us/state:nh/sldl:sullivan_1
nh,lower,Sullivan 2,1,sldl/nh-sullivan-county-no-2,ocd-division/country:us/state:nh/sldl:sullivan_2
nh,lower,Sullivan 3,1,sldl/nh-sullivan-county-no-3,ocd-division/country:us/state:nh/sldl:sullivan_3
nh,lower,Sullivan 4,1,sldl/nh-sullivan-county-no-4,ocd-division/country:us/state:nh/sldl:sullivan_4
nh,lower,Sullivan 5,1,sldl/nh-sullivan-county-no-5,ocd-division/country:us/state:nh/sldl:sullivan_5
nh,lower,Sullivan 6,2,sldl/nh-sullivan-county-no-6,ocd-division/country:us/state:nh/sldl:sullivan_6
nh,lower,Sullivan 7,1,sldl/nh-sullivan-county-no-7,ocd-division/country:us/state:nh/sldl:sullivan_7
nh,lower,Sullivan 8,1,sldl/nh-sullivan-county-no-8,ocd-division/country:us/state:nh/sldl:sullivan_8
nh,lower,Sullivan 9,1,nh-12/nh-sullivan-county-no-9,ocd-division/country:us/state:nh/sldl:sullivan_9
nh,lower,Sullivan 10,1,nh-12/nh-sullivan-county-no-10,ocd-division/country:us/state:nh/sldl:sullivan_10
nh,lower,Sullivan 11,1,nh-12/nh-sullivan-county-no-11,ocd-division/country:us/state:nh/sldl:sullivan_11
nh,upper,10,1,sldu/nh-10,ocd-division/country:us/state:nh/sldu:10
nh,upper,11,1,sldu/nh-11,ocd-division/country:us/state:nh/sldu:11
nh,upper,1,1,sldu/nh-1,ocd-division/country:us/state:nh/sldu:1
nh,upper,12,1,sldu/nh-12,ocd-division/country:us/state:nh/sldu:12
nh,upper,13,1,sldu/nh-13,ocd-division/country:us/state:nh/sldu:13
nh,upper,14,1,sldu/nh-14,ocd-division/country:us/state:nh/sldu:14
nh,upper,15,1,sldu/nh-15,ocd-division/country:us/state:nh/sldu:15
nh,upper,16,1,sldu/nh-16,ocd-division/country:us/state:nh/sldu:16
nh,upper,17,1,sldu/nh-17,ocd-division/country:us/state:nh/sldu:17
nh,upper,18,1,sldu/nh-18,ocd-division/country:us/state:nh/sldu:18
nh,upper,19,1,sldu/nh-19,ocd-division/country:us/state:nh/sldu:19
nh,upper,20,1,sldu/nh-20,ocd-division/country:us/state:nh/sldu:20
nh,upper,21,1,sldu/nh-21,ocd-division/country:us/state:nh/sldu:21
nh,upper,2,1,sldu/nh-2,ocd-division/country:us/state:nh/sldu:2
nh,upper,22,1,sldu/nh-22,ocd-division/country:us/state:nh/sldu:22
nh,upper,23,1,sldu/nh-23,ocd-division/country:us/state:nh/sldu:23
nh,upper,24,1,sldu/nh-24,ocd-division/country:us/state:nh/sldu:24
nh,upper,3,1,sldu/nh-3,ocd-division/country:us/state:nh/sldu:3
nh,upper,4,1,sldu/nh-4,ocd-division/country:us/state:nh/sldu:4
nh,upper,5,1,sldu/nh-5,ocd-division/country:us/state:nh/sldu:5
nh,upper,6,1,sldu/nh-6,ocd-division/country:us/state:nh/sldu:6
nh,upper,7,1,sldu/nh-7,ocd-division/country:us/state:nh/sldu:7
nh,upper,8,1,sldu/nh-8,ocd-division/country:us/state:nh/sldu:8
nh,upper,9,1,sldu/nh-9,ocd-division/country:us/state:nh/sldu:9
